id,name,model_id:id,group_id:id,perm_read,perm_write,perm_create,perm_unlink
access_spreadsheet_contributor,access_spreadsheet_contributor,model_spreadsheet_contributor,base.group_user,1,1,1,0
access_spreadsheet_template,access_spreadsheet_template,model_spreadsheet_template,documents.group_documents_user,1,1,1,1
save_spreadsheet_template,save_spreadsheet_template,model_save_spreadsheet_template,documents.group_documents_user,1,1,1,0
spreadsheet_revision,spreadsheet_revision,model_spreadsheet_revision,documents.group_documents_manager,1,1,1,1
