<?xml version="1.0" encoding="UTF-8"?>
<templates xml:space="preserve">
    <t t-name="web_enterprise.BarcodeDialog" owl="1">
        <Dialog title="'Barcode Scanner'" t-on-dialog-closed.stop="closeDialog" fullscreen="true">
            <div class="p-0 d-flex justify-content-center flex-column">
                <video t-ref="videoPreview" autoplay="true" playsinline="true" class="" style="max-width: 100%; max-height: 100%;"/>
            </div>
            <t t-set-slot="buttons">
                <button class="btn btn-secondary" t-on-click="closeDialog">Cancel</button>
            </t>
        </Dialog>
    </t>
</templates>
