<?xml version="1.0" encoding="utf-8"?>
<odoo>
    <data noupdate="1">

        <!-- Workflow Rules -->

        <record id="documents_project_rule" model="documents.workflow.rule" forcecreate="0">
            <field name="sequence">3</field>
            <field name="name">Create a Task</field>
            <field name="activity_option">True</field>
            <field name="excluded_tag_ids" eval="[(4, ref('documents.documents_internal_status_deprecated'))]"/>
            <field name="activity_type_id" ref="documents.mail_documents_activity_data_tv"/>
            <field name="create_model">project.task</field>
            <field name="domain_folder_id" ref="documents.documents_internal_folder"/>
        </record>

        <record id="documents_workflow_action_project" model="documents.workflow.action" forcecreate="0">
            <field name="workflow_rule_id" ref="documents_project_rule"/>
            <field name="action">replace</field>
            <field name="facet_id" ref="documents.documents_internal_status"/>
            <field name="tag_id" ref="documents.documents_internal_status_tc"/>
        </record>

    </data>
</odoo>
