<?xml version="1.0" encoding="UTF-8" ?>
<templates xml:space="preserve">

<t t-name="web_enterprise.HomeMenu" owl="1">
    <div class="o_home_menu" t-att-class="{ o_search_hidden: !state.isSearching , o_ios_app: state.isIosApp }">
        <ExpirationPanel/>
        <div class="o_menu_search">
            <span class="fa fa-search o_menu_search_icon" role="img" aria-label="Search" title="Search"/>
            <input t-ref="input" type="text" placeholder="Search..." class="o_menu_search_input" t-on-blur="_onBlurSearch"
                t-on-input="_onInputSearch"
                role="combobox"
                t-att-aria-activedescendant="state.isSearching and (appIndex === null ? 'result_menu_' + menuIndex : 'result_app_' + appIndex)"
                t-att-aria-expanded="state.isSearching ? 'true' : 'false'"
                aria-autocomplete="list"
                aria-haspopup="listbox"
            />
        </div>
        <div class="o_home_menu_scrollable" t-ref="mainContent">
            <div t-if="displayedApps.length" role="listbox" class="o_apps">
                <a t-foreach="displayedApps" t-as="app"
                    t-att-id="'result_app_' + app_index"
                    role="option"
                    t-att-aria-selected="appIndex === app_index ? 'true' : 'false'"
                    class="o_app o_menuitem"
                    t-att-class="{o_focused: appIndex === app_index}"
                    t-att-data-menu-xmlid="app.xmlid"
                    t-att-href="app.href || ('#menu_id='+app.id+'&amp;action_id='+app.actionID)"
                    t-key="app.id"
                    t-on-click.prevent="_onAppClick(app)"
                    >
                    <div t-if="app.webIconData" class="o_app_icon"
                        t-attf-style="background-image: url('{{app.webIconData}}');"
                    />
                    <div t-else="" class="o_app_icon"
                        t-attf-style="background-color: {{app.webIcon.backgroundColor}};"
                        >
                        <i t-att-class="app.webIcon.iconClass" t-attf-style="color: {{app.webIcon.color}};"/>
                    </div>
                    <div class="o_caption" t-esc="app.label or app.name"/>
                </a>
            </div>
            <div t-if="displayedMenuItems.length" role="listbox" class="o_menuitems">
                <a t-foreach="displayedMenuItems" t-as="menu"
                    t-att-id="'result_menu_' + menu_index"
                    role="option"
                    t-att-aria-selected="menuIndex === menu_index ? 'true' : 'false'"
                    class="o_menuitem"
                    t-att-class="{o_focused: menuIndex === menu_index}"
                    t-att-href="menu.href ? menu.href : ('#menu_id='+menu.id+'&amp;action_id='+menu.actionID)"
                    t-key="menu.id"
                    t-on-click.prevent="_onMenuitemClick(menu)"
                    >
                    <span class="o_menuitem_parents"><t t-esc="menu.parents"/> / </span>
                    <t t-esc="menu.label"/>
                </a>
            </div>
            <div t-elif="!displayedApps.length" id="result_menu_0" role="option" aria-selected="true" class="o_no_result">
                No result
            </div>
        </div>
    </div>
</t>

</templates>
